id;nome;email;data_nascimento
1;mobile Fish;Lavinia44@hotmail.com;2019-07-28
2;Practical Fresh Pants;Bryon.Quigley@yahoo.com;2019-07-29
3;transmitter Implementation Electronics;Christelle61@hotmail.com;2019-07-28
4;web-readiness;Judge.Moore@gmail.com;2019-07-29
5;Coordinator;Jackson_Borer19@gmail.com;2019-07-28
6;Planner Canyon;Lenny45@hotmail.com;2019-07-28
7;Factors;Kelton.Schowalter@hotmail.com;2019-07-29
8;Public-key;Idella60@gmail.com;2019-07-28
9;Games Regional Digitized;Nicolas_Hagenes@yahoo.com;2019-07-28
10;Georgia Industrial;Opal.Kirlin89@hotmail.com;2019-07-28
